text_name,text_length,pattern,pattern_length,Brute Force_time,Brute Force_comparisons,Brute Force_matches,Boyer-Moore_time,Boyer-Moore_comparisons,Boyer-Moore_matches,KMP_time,KMP_comparisons,KMP_matches,pattern_category
random_small,1000,abc,3,7.842499981052242e-05,1034,0,6.219059869181365e-05,361,0,6.886839983053506e-05,1034,0,short
random_small,1000,the,3,0.00014415559926419518,1039,0,6.098400117480196e-05,362,0,6.809660044382326e-05,1041,0,short
random_small,1000,ATCG,4,7.741619992884807e-05,997,0,4.506080003920943e-05,250,0,6.989800094743259e-05,1000,0,short
random_small,1000,pattern,7,9.476380073465407e-05,1031,0,2.967019972857088e-05,165,0,8.02113994723186e-05,1037,0,medium
random_small,1000,algorithm,9,9.18375990295317e-05,1026,0,2.4213000142481177e-05,137,0,6.72564005071763e-05,1034,0,medium
random_small,1000,ATCGATCG,8,7.550200025434606e-05,993,0,2.1971399110043422e-05,125,0,6.704339975840412e-05,1000,0,medium
random_small,1000,abcdefghijklmnop,16,0.00012108559894841164,1020,0,1.7362200742354618e-05,96,0,6.654320022789762e-05,1034,0,long
random_small,1000,ATCGATCGATCGATCG,16,7.373859989456832e-05,985,0,1.1089400504715741e-05,62,0,6.60026002151426e-05,1000,0,long
random_medium,10000,abc,3,0.00081902239980991,10370,0,0.0006172287998197134,3682,0,0.0006867957999929786,10351,0,short
random_medium,10000,the,3,0.0008000823996553663,10424,0,0.0006181143995490857,3665,0,0.0006795213994337246,10408,0,short
random_medium,10000,ATCG,4,0.0007892993999121245,9997,0,0.0004281309993530158,2500,0,0.0006668070003797766,10000,0,short
random_medium,10000,pattern,7,0.0008121973995002918,10393,0,0.00028585959953488784,1649,0,0.0006905011992785149,10380,0,medium
random_medium,10000,algorithm,9,0.0008207390004827175,10354,0,0.0002587818009487819,1412,0,0.0006764965990441851,10351,0,medium
random_medium,10000,ATCGATCG,8,0.0008223908007494174,9993,0,0.00022244240099098534,1250,0,0.0007097292000253219,10000,0,medium
random_medium,10000,abcdefghijklmnop,16,0.0008421389982686378,10357,0,0.0001654919993598014,919,0,0.0007200811996881384,10351,0,long
random_medium,10000,ATCGATCGATCGATCG,16,0.0007950001992867329,9985,0,0.00011256540019530804,625,0,0.0006861009998829104,10000,0,long
random_large,50000,abc,3,0.004019146400969476,52017,4,0.0030925554005079904,18310,4,0.0035594970009697135,51938,4,short
random_large,50000,the,3,0.004111757599457633,52069,5,0.0030895579999196342,18321,5,0.003509271601069486,51986,5,short
random_large,50000,ATCG,4,0.004164168800343759,49997,0,0.0023045667992846576,12500,0,0.0035104102003970183,50000,0,short
random_large,50000,pattern,7,0.004317686001013499,51966,0,0.001552807200641837,8381,0,0.003630541999154957,51894,0,medium
random_large,50000,algorithm,9,0.004335702599200885,52005,0,0.0013118867995217443,6967,0,0.0036514893989078702,51942,0,medium
random_large,50000,ATCGATCG,8,0.004103937599575147,49993,0,0.0011055509989091662,6250,0,0.003268955400562845,50000,0,medium
random_large,50000,abcdefghijklmnop,16,0.004041571599373128,52008,0,0.0008187024002836551,4693,0,0.0034359305987891275,51942,0,long
random_large,50000,ATCGATCGATCGATCG,16,0.003903207599068992,49985,0,0.0005545169995457399,3125,0,0.0035088293996523136,50000,0,long
repetitive,10000,abc,3,0.0008126022010401357,9998,0,0.0005927198006247635,3333,0,0.0006747870000253897,10000,0,short
repetitive,10000,the,3,0.0007898774012573995,9998,0,0.000579496401041979,3333,0,0.0007214940000267233,10000,0,short
repetitive,10000,ATCG,4,0.001174432400148362,13996,0,0.000555557199550094,2999,0,0.0010536581990891135,14000,0,short
repetitive,10000,pattern,7,0.0008343109999259468,9994,0,0.00024389380050706677,1428,0,0.0007435416002408602,10000,0,medium
repetitive,10000,algorithm,9,0.0008105998000246473,9992,0,0.0001896420006232802,1111,0,0.0006947314002900384,10000,0,medium
repetitive,10000,ATCGATCG,8,0.001119374600239098,13990,0,0.0003869305997795891,2000,0,0.0010208824009168894,14000,0,medium
repetitive,10000,abcdefghijklmnop,16,0.0008145360006892588,9985,0,0.00011395080073270947,625,0,0.0007034073998511304,10000,0,long
repetitive,10000,ATCGATCGATCGATCG,16,0.001093989000946749,13979,0,0.0003026988008059561,1499,0,0.0010138230005395598,14000,0,long
dna,10000,abc,3,0.0008253041996795218,9998,0,0.0006107326000346803,3333,0,0.0008981823993963189,10000,0,short
dna,10000,the,3,0.0008056502018007449,9998,0,0.0005602241995802615,3333,0,0.0006738157993822824,10000,0,short
dna,10000,ATCG,4,0.0010566316013864707,13331,40,0.0011591283997404388,7612,40,0.0009393595995788928,12531,40,short
dna,10000,pattern,7,0.0008217523994971998,9994,0,0.00025201820026268253,1428,0,0.0006847169992397539,10000,0,medium
dna,10000,algorithm,9,0.0008203188015613704,9992,0,0.0002009797994105611,1111,0,0.0006759224001143593,10000,0,medium
dna,10000,ATCGATCG,8,0.0010914457998296712,13387,0,0.0011489689997688402,7662,0,0.000957830799598014,12571,0,medium
dna,10000,abcdefghijklmnop,16,0.0008090164003078826,9985,0,0.00011253940028836951,625,0,0.0006888679999974556,10000,0,long
dna,10000,ATCGATCGATCGATCG,16,0.001056261199846631,13375,0,0.0011008358000253794,7656,0,0.0009119069996813778,12571,0,long
alice,50000,abc,3,0.0043407447999925354,53035,0,0.003141429398965556,17490,0,0.0036540551998768935,52941,0,short
alice,50000,the,3,0.00439001080012531,54495,597,0.0034739545997581446,21402,597,0.0036712005996378137,52887,597,short
alice,50000,ATCG,4,0.004211720200692071,50215,0,0.0022702666006807703,12540,0,0.003405949800799135,50217,0,short
alice,50000,pattern,7,0.0039561324010719545,50587,0,0.0015466569995624014,8980,0,0.0033923430011782328,50530,0,medium
alice,50000,algorithm,9,0.004192844200588297,53159,0,0.0012569242004246916,7011,0,0.0035881463991245255,52941,0,medium
alice,50000,ATCGATCG,8,0.004188318999513285,50211,0,0.0011051045992644503,6287,0,0.0035116721992380917,50217,0,medium
alice,50000,abcdefghijklmnop,16,0.0043597383999440355,53022,0,0.0007493857992812991,4236,0,0.003896713200083468,52941,0,long
alice,50000,ATCGATCGATCGATCG,16,0.0041243928011681415,50203,0,0.0005535365999094211,3148,0,0.0033218429998669308,50217,0,long
